{
    "2.776276392009011e+18": {
        "-8.171933399829438e+18": -8.647163450755322e+18
    },
    "-7.166424617634699e+18": {
        "7.436142962925986e+18": {
            "-8.057797568991711e+18": -1.3459328484124262e+17
        },
        "5.378251951815469e+18": {
            "4.169165902969004e+18": -6.383956790338077e+18,
            "8.632291662932337e+18": 6.049590910922187e+18
        },
        "-6.26989478119298e+18": {
            "1.0912301297184686e+18": 2.735849041072943e+18
        }
    },
    "7.775411220595859e+18": {
        "-2.1713423572829143e+18": {
            "2.721436496801233e+18": {
                "-6.754518610267699e+18": {
                    "1.4404830643908895e+18": -4.15478897135232e+18
                },
                "-4.6596298475062886e+17": {
                    "1.55215150006229e+18": 5.499270424589068e+18
                }
            },
            "3.276599715675513e+18": {
                "-8.617587506190946e+18": {
                    "2.933864003986248e+17": -5.690860402502674e+18,
                    "-7.816553767637387e+18": -5.2108171310790656e+17
                },
                "5.766464285577359e+18": {
                    "-3.1693279950258586e+17": {
                        "1.3443624468239462e+18": 3.231079829762181e+18
                    },
                    "-1.8991748727836672e+17": {
                        "-6.133207281309936e+18": -8.883303035793852e+18
                    }
                },
                "-3.963033864242559e+18": {
                    "8.776469613911753e+18": -5.579679090173909e+18
                }
            },
            "8.215772593546822e+18": {
                "9.11377824755403e+18": 5.357136303151278e+18
            },
            "-3.0359987901335695e+18": {
                "4.123736515766784e+18": {
                    "1.1311780700521226e+18": {
                        "3.44154554958575e+18": 5.263412702161873e+18
                    },
                    "8.677952463446178e+18": {
                        "6.080645042406576e+18": -1.9894219540236083e+18
                    }
                },
                "3.815505087756366e+18": {
                    "8.31554248929162e+18": {
                        "2.510406151523504e+18": 2.921722023047172e+18
                    },
                    "-8.111897740624282e+18": {
                        "1.8348206820146094e+18": -4.6095139503015383e+18
                    }
                },
                "4.1342646015912305e+18": {
                    "-4.117084683227015e+18": -1.7024508722812867e+18
                }
            }
        },
        "-5.624287273210489e+18": {
            "1.562950269283203e+18": 5.993646410941381e+18
        },
        "4.202508916596916e+18": {
            "-8.665833085893153e+18": {
                "-6.637082113120168e+18": 5.006532238989046e+17
            },
            "1.828082324855976e+18": {
                "8.717469609234207e+18": 7.088731052137658e+18
            }
        },
        "-3.6439296301678817e+18": {
            "-7.388170700620235e+18": 4.0514332460195574e+18,
            "-6.450519541582846e+18": 8.216464774011185e+18
        },
        "5.236207151055399e+18": {
            "1.1794471343081574e+18": 3.1459469607278653e+18,
            "-4.822616238142779e+18": -2.0145097062299136e+18,
            "-2.0630974017633464e+18": -5.988987153629671e+18
        }
    },
    "3.7941659876699955e+17": {
        "8.85716774933113e+18": 6.522173032376926e+18,
        "-4.211286839094368e+18": -6.414476228779868e+17
    },
    "-4.346750916676e+18": {
        "7.236742890274488e+18": {
            "8.622077957363263e+18": -6.43271658184218e+18
        },
        "8.188127997617781e+18": {
            "-5.326663145880076e+18": 9.083426604553339e+18
        }
    },
    "1.0252755349339546e+17": {
        "4.668496923621351e+18": 6.354817043407217e+17,
        "-2.7287462363731354e+18": -7.223056401448868e+18,
        "9.046772456252047e+17": -4.293790482729521e+18,
        "3.3653686774831247e+18": -4.266711257896874e+18
    },
    "2.0000046298354217e+18": {
        "6.176524112738509e+18": {
            "-1.2687602233112556e+18": {
                "5.927444406579438e+18": 5.40704859112286e+18
            },
            "2.0426185414882734e+18": {
                "-3.4559047355541955e+18": 2.7928027175730217e+18
            }
        },
        "6.077816386740625e+18": {
            "-1.9818724266899272e+18": -8.977128622954134e+18
        },
        "2.915524169645439e+18": {
            "7.7267388794462e+18": 8.300331038256146e+18
        }
    },
    "-7.255696791828804e+18": {
        "8.78320115802368e+18": {
            "-5.126924366313837e+18": -8.900456444500558e+18
        },
        "-5.871707851892945e+18": {
            "-9.221818471983905e+18": 2.804672586350035e+18
        }
    },
    "8.474929285571066e+18": {
        "3.301372013892133e+18": 9.185350733845615e+18,
        "2.98656344448999e+18": -8.449560748352467e+18,
        "-5.265968065489424e+18": 7.782997619689939e+18
    }
}